olympiad,student_id,result,score
Municipal olympiad in informatics 2020,RichardYoung470,winner,500
Municipal olympiad in informatics 2020,HannahPreston860,winner,500
Municipal olympiad in informatics 2020,GrahamKhan674,winner,500
Municipal olympiad in informatics 2020,MsAbigailHart325,winner,500
Municipal olympiad in informatics 2020,MrLouisSmart823,winner,500
Municipal olympiad in informatics 2020,JanetHarris-Young855,winner,490
Municipal olympiad in informatics 2020,RossSpencer-Carpenter474,winner,480
Municipal olympiad in informatics 2020,ElizabethHughes548,winner,480
Municipal olympiad in informatics 2020,CallumHill-Walsh988,winner,480
Municipal olympiad in informatics 2020,LeslieFraser706,winner,478
Municipal olympiad in informatics 2020,ShirleyTaylor117,winner,454
Municipal olympiad in informatics 2020,MitchellMiah240,winner,454
Municipal olympiad in informatics 2020,DebraBrowne667,awardee,432
Municipal olympiad in informatics 2020,MrPhilipDyer695,awardee,424
Municipal olympiad in informatics 2020,MarkParry587,awardee,384
Municipal olympiad in informatics 2020,SianBennett-Wood566,awardee,378
Municipal olympiad in informatics 2020,LauraNixon440,awardee,360
Municipal olympiad in informatics 2020,MrsAliceHarris721,awardee,360
Municipal olympiad in informatics 2020,JayMiles639,awardee,354
Municipal olympiad in informatics 2020,NigelWilkinson762,awardee,335
Municipal olympiad in informatics 2020,ElliottEvans407,awardee,330
Municipal olympiad in informatics 2020,JennaByrne733,awardee,330
Municipal olympiad in informatics 2020,MrConorSaunders445,awardee,325
Municipal olympiad in informatics 2020,ZoeFrost376,awardee,320
Municipal olympiad in informatics 2020,JayneWilson539,awardee,316
Municipal olympiad in informatics 2020,AlexClark429,awardee,313
Municipal olympiad in informatics 2020,MartynWaters-Hutchinson660,awardee,310
Municipal olympiad in informatics 2020,StephanieLewis422,awardee,305
Municipal olympiad in informatics 2020,KarenGordon902,awardee,304
Municipal olympiad in informatics 2020,RosemaryWillis814,participant,298
Municipal olympiad in informatics 2020,MsLynnHicks416,participant,295
Municipal olympiad in informatics 2020,DrDaleParker845,participant,285
Municipal olympiad in informatics 2020,DawnScott-Bates516,participant,280
Municipal olympiad in informatics 2020,FionaDean961,participant,279
Municipal olympiad in informatics 2020,JeremyJones368,participant,275
Municipal olympiad in informatics 2020,AdamPrice-Wilkinson354,participant,274
Municipal olympiad in informatics 2020,BradleyCoates-Brown518,participant,272
Municipal olympiad in informatics 2020,GlennRussell612,participant,260
Municipal olympiad in informatics 2020,GillianTalbot-Davies282,participant,255
Municipal olympiad in informatics 2020,DorothyKhan531,participant,255
Municipal olympiad in informatics 2020,StevenAnderson678,participant,250
Municipal olympiad in informatics 2020,DrGlennRogers958,participant,249
Municipal olympiad in informatics 2020,MrsJuneRobertson696,participant,248
Municipal olympiad in informatics 2020,NatashaPage603,participant,245
Municipal olympiad in informatics 2020,LyndaRose430,participant,240
Municipal olympiad in informatics 2020,DeclanGardner852,participant,236
Municipal olympiad in informatics 2020,KimAnderson847,participant,230
Municipal olympiad in informatics 2020,BryanSmith794,participant,220
Municipal olympiad in informatics 2020,MissAlisonDixon815,participant,220
Municipal olympiad in informatics 2020,AbigailBarnes663,participant,218
Municipal olympiad in informatics 2020,MrsMeganGordon564,participant,210
Municipal olympiad in informatics 2020,DonnaWright259,participant,200
Municipal olympiad in informatics 2020,GaryBrown-Higgins256,participant,200
Municipal olympiad in informatics 2020,JodieSimpson626,participant,195
Municipal olympiad in informatics 2020,GlennAllen259,participant,195
Municipal olympiad in informatics 2020,KirstyWade850,participant,194
Municipal olympiad in informatics 2020,JillRobinson425,participant,194
Municipal olympiad in informatics 2020,KeithHarris421,participant,181
Municipal olympiad in informatics 2020,DrZoeRoberts368,participant,175
Municipal olympiad in informatics 2020,GeraldBird-Knight112,participant,170
Municipal olympiad in informatics 2020,ClareJackson504,participant,170
Municipal olympiad in informatics 2020,RussellMitchell726,participant,170
Municipal olympiad in informatics 2020,KayleighJohnson-Ali678,participant,165
Municipal olympiad in informatics 2020,YvonneGreen-Burton324,participant,161
Municipal olympiad in informatics 2020,MauriceWoods-Walton983,participant,160
Municipal olympiad in informatics 2020,DrNigelShaw174,participant,160
Municipal olympiad in informatics 2020,DrVincentByrne431,participant,158
Municipal olympiad in informatics 2020,LeahPearson151,participant,143
Municipal olympiad in informatics 2020,DrCallumWells898,participant,135
Municipal olympiad in informatics 2020,BernardPugh770,participant,125
Municipal olympiad in informatics 2020,DrLisaHolden509,participant,125
Municipal olympiad in informatics 2020,ConnorMorris912,participant,113
Municipal olympiad in informatics 2020,MollyBrown627,participant,105
Municipal olympiad in informatics 2020,DrMohammadBell933,participant,101
Municipal olympiad in informatics 2020,JayneSpencer385,participant,100
Municipal olympiad in informatics 2020,KimSkinner239,participant,80
Municipal olympiad in informatics 2020,MissCatherineStewart342,participant,79
Municipal olympiad in informatics 2020,DrMohammedGarner461,participant,76
Municipal olympiad in informatics 2020,MohammadSingh721,participant,65
Municipal olympiad in informatics 2020,MatthewThompson408,participant,65
Municipal olympiad in informatics 2020,EricBurgess779,participant,20
Municipal olympiad in informatics 2020,StevenThomas887,winner,490
Municipal olympiad in informatics 2020,MrSeanWilkinson388,winner,475
Municipal olympiad in informatics 2020,MrsMaryHartley872,winner,470
Municipal olympiad in informatics 2020,RobertHarding831,winner,500
Municipal olympiad in informatics 2020,AmyHall419,winner,490
Municipal olympiad in informatics 2020,MohammadFletcher290,winner,490
Municipal olympiad in informatics 2020,DrPaulSimpson668,winner,470
Municipal olympiad in informatics 2020,DrChristineAtkins474,winner,460
Municipal olympiad in informatics 2020,DrDennisDuffy472,winner,460
Municipal olympiad in informatics 2020,BarryNorman163,winner,468
Municipal olympiad in informatics 2020,GlenWilson-Dixon535,winner,465
Municipal olympiad in informatics 2020,StaceyHughes519,winner,455
Municipal olympiad in informatics 2020,MrsOliviaClark927,winner,458
Municipal olympiad in informatics 2020,DrElliottSavage961,winner,448
Municipal olympiad in informatics 2020,RossKaur806,winner,458
Municipal olympiad in informatics 2020,MrMartinMcCarthy111,winner,448
Municipal olympiad in informatics 2020,MaryStephens745,winner,450
Municipal olympiad in informatics 2020,BethanyNicholls188,winner,450
Municipal olympiad in informatics 2020,ClaireLewis219,winner,440
Municipal olympiad in informatics 2020,KevinWilkins336,winner,440
Municipal olympiad in informatics 2020,MrGlenWright819,winner,430
Municipal olympiad in informatics 2020,PaulPeters297,winner,423
Municipal olympiad in informatics 2020,DrDenisKirk419,winner,423
Municipal olympiad in informatics 2020,ClareHall388,winner,435
Municipal olympiad in informatics 2020,KatherineWarren949,winner,435
Municipal olympiad in informatics 2020,AmandaWalker580,winner,425
Municipal olympiad in informatics 2020,CameronKing829,winner,415
Municipal olympiad in informatics 2020,LisaNicholson268,winner,413
Municipal olympiad in informatics 2020,KevinPatterson341,winner,424
Municipal olympiad in informatics 2020,VanessaHarding677,winner,405
Municipal olympiad in informatics 2020,DrRickySmith757,winner,405
Municipal olympiad in informatics 2020,LisaMartin301,awardee,394
Municipal olympiad in informatics 2020,MartinMorgan699,awardee,360
Municipal olympiad in informatics 2020,MsOliviaReynolds368,awardee,354
Municipal olympiad in informatics 2020,LouiseAnderson359,awardee,403
Municipal olympiad in informatics 2020,KayleighMorgan288,awardee,395
Municipal olympiad in informatics 2020,SianLord686,awardee,350
Municipal olympiad in informatics 2020,MsMelanieCross174,awardee,395
Municipal olympiad in informatics 2020,LiamPearson103,awardee,390
Municipal olympiad in informatics 2020,MrChristianGray535,awardee,375
Municipal olympiad in informatics 2020,MargaretHiggins885,awardee,340
Municipal olympiad in informatics 2020,MissKimJames348,awardee,338
Municipal olympiad in informatics 2020,MrDanielBaker602,awardee,331
Municipal olympiad in informatics 2020,AllanEvans103,awardee,350
Municipal olympiad in informatics 2020,MarieBrown134,awardee,320
Municipal olympiad in informatics 2020,TrevorHardy333,awardee,310
Municipal olympiad in informatics 2020,MrsKathleenOliver944,awardee,300
Municipal olympiad in informatics 2020,KateEdwards530,awardee,295
Municipal olympiad in informatics 2020,GailBrown556,awardee,285
Municipal olympiad in informatics 2020,CharlieWaters325,awardee,335
Municipal olympiad in informatics 2020,HenryGardner747,awardee,334
Municipal olympiad in informatics 2020,DrEricMarshall373,awardee,270
Municipal olympiad in informatics 2020,JenniferDay695,awardee,320
Municipal olympiad in informatics 2020,AlexHardy206,awardee,305
Municipal olympiad in informatics 2020,BernardHill617,participant,290
Municipal olympiad in informatics 2020,MsAmeliaWalton645,awardee,270
Municipal olympiad in informatics 2020,DrMarianBarrett283,participant,190
Municipal olympiad in informatics 2020,StuartSmith-Phillips710,participant,170
Municipal olympiad in informatics 2020,MrCliveSmith130,participant,160
Municipal olympiad in informatics 2020,MsMelissaHayes477,participant,160
Municipal olympiad in informatics 2020,MrGlenDixon681,participant,287
Municipal olympiad in informatics 2020,MrsBrendaWalsh973,participant,270
Municipal olympiad in informatics 2020,JoelCarter922,participant,45
Municipal olympiad in informatics 2020,MollyCampbell778,participant,268
Municipal olympiad in informatics 2020,RosemaryCollins798,participant,205
Municipal olympiad in informatics 2020,CliffordTaylor878,participant,0
Municipal olympiad in informatics 2020,AngelaWard-Gibson403,participant,0
Municipal olympiad in informatics 2020,VincentTurner573,participant,140
Municipal olympiad in informatics 2020,MissSarahSmith336,participant,0
Municipal olympiad in informatics 2020,NormanJohn484,participant,0
Municipal olympiad in informatics 2020,DrConorEdwards662,participant,0
Municipal olympiad in informatics 2020,LynneSingh-Jennings333,participant,0
Regional olimpiad in informatics 2021,HannahPreston860,winner,643
Regional olimpiad in informatics 2021,CallumHill-Walsh988,awardee,691
Regional olimpiad in informatics 2021,MrLouisSmart823,awardee,673
Regional olimpiad in informatics 2021,DenisWaters706,winner,628
Regional olimpiad in informatics 2021,RichardYoung470,awardee,538
Regional olimpiad in informatics 2021,MissDeborahCartwright584,awardee,627
Regional olimpiad in informatics 2021,MrPhilipDyer695,awardee,594
Regional olimpiad in informatics 2021,RossSpencer-Carpenter474,winner,629
Regional olimpiad in informatics 2021,ShirleyTaylor117,awardee,591
Regional olimpiad in informatics 2021,GrahamKhan674,awardee,597
Regional olimpiad in informatics 2021,ElizabethHughes548,awardee,612
Regional olimpiad in informatics 2021,MsAbigailHart325,awardee,575
Regional olimpiad in informatics 2021,MrLukeHarris707,awardee,551
Regional olimpiad in informatics 2021,MrsAliceHarris721,awardee,540
Regional olimpiad in informatics 2021,MrConorSaunders445,awardee,495
Regional olimpiad in informatics 2021,JanetHarris-Young855,awardee,487
Regional olimpiad in informatics 2021,VictorMorris747,awardee,479
Regional olimpiad in informatics 2021,MitchellMiah240,participant,440
Regional olimpiad in informatics 2021,SianBennett-Wood566,awardee,430
Regional olimpiad in informatics 2021,JennaByrne733,awardee,417
Regional olimpiad in informatics 2021,JayneWilson539,awardee,365
Regional olimpiad in informatics 2021,LauraNixon440,participant,350
Regional olimpiad in informatics 2021,JayMiles639,participant,343
Regional olimpiad in informatics 2021,ZoeFrost376,participant,320
Regional olimpiad in informatics 2021,MartynWaters-Hutchinson660,participant,319
Regional olimpiad in informatics 2021,LeslieFraser706,participant,316
Regional olimpiad in informatics 2021,AlexClark429,participant,307
Regional olimpiad in informatics 2021,MarkParry587,participant,303
Regional olimpiad in informatics 2021,StephanieLewis422,participant,276
Regional olimpiad in informatics 2021,KarenGordon902,participant,264
Regional olimpiad in informatics 2021,NigelWilkinson762,participant,200
ROI 2021,HannahPreston860,winner,609
ROI 2021,CallumHill-Walsh988,awardee,434
ROI 2021,MrLouisSmart823,awardee,427
ROI 2021,DenisWaters706,participant,377
ROI 2021,RichardYoung470,participant,363
ROI 2021,MissDeborahCartwright584,participant,355
ROI 2021,MrPhilipDyer695,participant,338
ROI 2021,RossSpencer-Carpenter474,participant,267
ROI 2021,ShirleyTaylor117,participant,162
ROI 2021,GrahamKhan674,participant,70
ROI 2021,ChelseaParsons498,winner,583
Open coding olympiad 2021,ChelseaParsons498,winner,0
Open coding olympiad 2021,MrLouisSmart823,2nd diploma,0
Open coding olympiad 2021,DenisWaters706,3rd diploma,0
Moscow olimpiad in informatics 2021,RichardYoung470,winner,0
Moscow olimpiad in informatics 2021,DenisWaters706,winner,0
Moscow olimpiad in informatics 2021,JennaByrne733,winner,0
Moscow olimpiad in informatics 2021,RossSpencer-Carpenter474,awardee,0
Moscow olimpiad in informatics 2021,LeslieFraser706,awardee,0
Moscow olimpiad in informatics 2021,ShirleyTaylor117,awardee,0
Moscow olimpiad in informatics 2021,HannahPreston860,awardee,0
Moscow olimpiad in informatics 2021,LyndaRose430,awardee,0
Moscow olimpiad in informatics 2021,JodieSimpson626,awardee,0
Moscow olimpiad in informatics 2021,JayMiles639,awardee,0
Moscow olimpiad in informatics 2021,JayneWilson539,awardee,0
Moscow olimpiad in informatics 2021,MrGlenWright819,awardee,0
Moscow olimpiad in informatics 2021,VanessaHarding677,awardee,0
Moscow olimpiad in informatics 2021,StevenThomas887,awardee,0
Moscow olimpiad in informatics 2021,BethanyNicholls188,awardee,0
Moscow olimpiad in informatics 2021,GrahamKhan674,awardee,0
Moscow olimpiad in informatics 2021,MrLukeHarris707,awardee,0
JROI 2021,RichardYoung470,1st diploma,491
JROI 2021,JennaByrne733,1st diploma,441
JROI 2021,JayneWilson539,3rd diploma,400
JROI 2021,JayMiles639,3rd diploma,380
JROI 2021,LyndaRose430,3rd diploma,374
JROI 2021,GraemeGill404,honourable mention,327
ROI 2021,LukeGeorge-Andrews592,winner,673
ROI 2021,MissTracyRyan233,awardee,526
ROI 2021,PaulaNicholson451,awardee,490
ROI 2021,DrElaineShaw587,awardee,457
ROI 2021,DrMohammadCooper652,awardee,440
ROI 2021,LesleyBrennan761,awardee,405
ROI 2021,MartynKelly721,participant,330
ROI 2021,HowardTurner-Watson459,participant,305
ROI 2021,KayleighHussain383,participant,207
Open coding olympiad 2021,LukeGeorge-Andrews592,winner,0
Open coding olympiad 2021,MissTracyRyan233,2nd diploma,0
Open coding olympiad 2021,PaulaNicholson451,2nd diploma,0
Open coding olympiad 2021,DrElaineShaw587,2nd diploma,0
School olympiad in informatics 2021,GaryHarrison-Lewis476,winner,480
School olympiad in informatics 2021,AlexandraWilliams319,winner,460
School olympiad in informatics 2021,AliceTaylor501,winner,500
School olympiad in informatics 2021,NeilGrant-O'Connor260,winner,429
School olympiad in informatics 2021,JoyceBegum530,winner,454
School olympiad in informatics 2021,DarrenCollins-Wilson232,winner,480
School olympiad in informatics 2021,LindaWright484,winner,454
School olympiad in informatics 2021,VanessaBrookes249,winner,400
School olympiad in informatics 2021,JodieDuffy973,winner,500
School olympiad in informatics 2021,ClareTaylor427,winner,400
School olympiad in informatics 2021,DamianPrice569,winner,480
School olympiad in informatics 2021,ChristianBriggs-White692,winner,440
School olympiad in informatics 2021,MsBethCole689,winner,500
School olympiad in informatics 2021,MsAlexandraBell287,winner,450
School olympiad in informatics 2021,RitaEdwards619,winner,484
School olympiad in informatics 2021,AnnetteBradley393,winner,500
School olympiad in informatics 2021,AmeliaPatel979,winner,500
School olympiad in informatics 2021,AlanYates240,winner,444
School olympiad in informatics 2021,MrCliveSmith130,winner,480
School olympiad in informatics 2021,AliceGibson-Barrett927,winner,500
School olympiad in informatics 2021,FrancesWilliams993,winner,500
School olympiad in informatics 2021,GeraldineBaxter898,winner,500
School olympiad in informatics 2021,LynneKing988,winner,420
School olympiad in informatics 2021,IanCook117,winner,480
School olympiad in informatics 2021,JoeFlynn133,winner,500
School olympiad in informatics 2021,SaraBarton995,winner,480
School olympiad in informatics 2021,MrDeanWhite432,winner,480
School olympiad in informatics 2021,StephenStone409,winner,430
School olympiad in informatics 2021,SophiePearce593,winner,450
School olympiad in informatics 2021,DrLeslieWheeler620,winner,470
School olympiad in informatics 2021,DrEricMarshall373,winner,492
School olympiad in informatics 2021,MissDanielleStephenson761,winner,470
School olympiad in informatics 2021,EmilyJarvis809,winner,436
School olympiad in informatics 2021,JuneBegum506,winner,450
School olympiad in informatics 2021,GeorginaWalker241,winner,450
School olympiad in informatics 2021,HeatherMartin401,winner,500
School olympiad in informatics 2021,KarenSlater993,winner,440
School olympiad in informatics 2021,DrStephanieArcher660,winner,500
School olympiad in informatics 2021,RaymondRobinson215,winner,500
School olympiad in informatics 2021,BernardQuinn324,winner,500
School olympiad in informatics 2021,RitaOwen513,winner,500
School olympiad in informatics 2021,JosephPerkins619,winner,433
School olympiad in informatics 2021,KellySheppard422,winner,500
School olympiad in informatics 2021,DrTeresaLawrence386,winner,432
School olympiad in informatics 2021,DrRickySmith757,winner,470
School olympiad in informatics 2021,MarionSutton612,winner,500
School olympiad in informatics 2021,DrDenisKirk419,winner,440
School olympiad in informatics 2021,MrGlenWright819,winner,475
School olympiad in informatics 2021,MissKimJames348,winner,500
School olympiad in informatics 2021,MissSarahSmith336,winner,500
School olympiad in informatics 2021,MargaretHiggins885,winner,500
School olympiad in informatics 2021,LisaMartin301,winner,500
School olympiad in informatics 2021,CatherineFox860,winner,500
School olympiad in informatics 2021,ClaireLewis219,winner,500
School olympiad in informatics 2021,MrsOliviaClark927,winner,500
School olympiad in informatics 2021,MrsVictoriaSmith448,winner,425
School olympiad in informatics 2021,ScottFord-Gallagher131,winner,500
School olympiad in informatics 2021,DrRoyPearson627,winner,500
School olympiad in informatics 2021,RhysWhite600,winner,440
School olympiad in informatics 2021,JadeSmith499,winner,470
School olympiad in informatics 2021,DrHarrietGriffiths320,winner,480
School olympiad in informatics 2021,EdwardCook230,winner,500
School olympiad in informatics 2021,MaryStephens745,winner,500
School olympiad in informatics 2021,LisaNicholson268,winner,446
School olympiad in informatics 2021,DrRogerDavies643,winner,500
School olympiad in informatics 2021,RaymondHolloway-Clark176,awardee,340
School olympiad in informatics 2021,ElizabethArmstrong597,awardee,370
School olympiad in informatics 2021,MsMelissaHayes477,awardee,280
School olympiad in informatics 2021,MarieBrown134,awardee,380
School olympiad in informatics 2021,ArthurWatts978,awardee,375
School olympiad in informatics 2021,AlexFarrell508,awardee,360
School olympiad in informatics 2021,PamelaMarshall412,awardee,370
School olympiad in informatics 2021,KevinMorris753,awardee,373
School olympiad in informatics 2021,JeremyJackson151,awardee,393
School olympiad in informatics 2021,LynneSingh-Jennings333,awardee,300
School olympiad in informatics 2021,KarlCooper-James365,awardee,300
School olympiad in informatics 2021,DrStuartArmstrong601,awardee,330
School olympiad in informatics 2021,MrsFrancescaHart309,awardee,315
School olympiad in informatics 2021,IainGibson488,participant,240
School olympiad in informatics 2021,EmilyPotter-Bradshaw475,participant,109
School olympiad in informatics 2021,JaniceSpencer563,participant,225
School olympiad in informatics 2021,CherylParsons738,participant,228
School olympiad in informatics 2021,TinaWatson449,participant,225
School olympiad in informatics 2021,ThomasField340,participant,100
School olympiad in informatics 2021,MaureenLowe151,participant,226
School olympiad in informatics 2021,DrSophieBaxter100,participant,100
School olympiad in informatics 2021,MrsClareHammond487,participant,253
School olympiad in informatics 2021,BruceRoberts166,participant,260
School olympiad in informatics 2021,DeclanWood990,participant,4
School olympiad in informatics 2021,MrsHilaryFowler889,participant,200
School olympiad in informatics 2021,HarrietHoward764,participant,240
School olympiad in informatics 2021,KarlJames-Roberts799,participant,225
School olympiad in informatics 2021,JustinCurtis438,participant,268
School olympiad in informatics 2021,HenryWilliamson980,participant,0
School olympiad in informatics 2021,FrankHicks768,participant,0
School olympiad in informatics 2021,ColinButler574,participant,0
School olympiad in informatics 2021,NormanJohn484,participant,180
School olympiad in informatics 2021,RobinSmith313,participant,0
School olympiad in informatics 2021,DrBrendaBegum529,participant,120
School olympiad in informatics 2021,StuartWright155,participant,230
School olympiad in informatics 2021,GraemeGill404,winner,500
School olympiad in informatics 2021,BethanyNicholls188,winner,435
School olympiad in informatics 2021,StevenThomas887,winner,500
School olympiad in informatics 2021,MsAmeliaWalton645,winner,485
School olympiad in informatics 2021,MrsMaryHartley872,winner,500
School olympiad in informatics 2021,FionaDean961,winner,490
School olympiad in informatics 2021,MsCarlyGiles209,winner,460
School olympiad in informatics 2021,RossKaur806,winner,400
School olympiad in informatics 2021,MartynWaters-Hutchinson660,winner,430
School olympiad in informatics 2021,VanessaHarding677,winner,448
School olympiad in informatics 2021,RichardYoung470,winner,500
School olympiad in informatics 2021,JayneWilson539,winner,500
School olympiad in informatics 2021,StewartReed-Wheeler867,winner,488
School olympiad in informatics 2021,CliffordLewis529,winner,464
School olympiad in informatics 2021,BrianShah476,winner,400
School olympiad in informatics 2021,LyndaRose430,winner,408
School olympiad in informatics 2021,MollyBrown627,winner,500
School olympiad in informatics 2021,MrsMeganGordon564,winner,403
School olympiad in informatics 2021,JayMiles639,winner,500
School olympiad in informatics 2021,DrPaulSimpson668,winner,417
School olympiad in informatics 2021,ShirleyHart293,winner,400
School olympiad in informatics 2021,MrMartinMcCarthy111,winner,455
School olympiad in informatics 2021,MohammadSingh721,winner,400
School olympiad in informatics 2021,AmandaWalker580,winner,470
School olympiad in informatics 2021,ElliottEvans407,winner,500
School olympiad in informatics 2021,DrGillianWilliams233,winner,415
School olympiad in informatics 2021,AdamPrice-Wilkinson354,winner,485
School olympiad in informatics 2021,DonnaWright259,winner,500
School olympiad in informatics 2021,HenryGardner747,winner,470
School olympiad in informatics 2021,JennaByrne733,winner,500
School olympiad in informatics 2021,ValerieLaw678,winner,445
School olympiad in informatics 2021,LiamRichards-Jones594,winner,470
School olympiad in informatics 2021,SianBennett-Wood566,winner,500
School olympiad in informatics 2021,DenisWaters706,winner,500
School olympiad in informatics 2021,AlexClark429,winner,500
School olympiad in informatics 2021,MissAlisonDixon815,winner,500
School olympiad in informatics 2021,MrConorSaunders445,winner,500
School olympiad in informatics 2021,BryanSmith794,winner,500
School olympiad in informatics 2021,GordonAnderson572,winner,470
School olympiad in informatics 2021,JillRichardson-Griffiths386,winner,500
School olympiad in informatics 2021,SimonPearson381,winner,440
School olympiad in informatics 2021,AntonyHowell263,winner,500
School olympiad in informatics 2021,LynnWalker919,winner,500
School olympiad in informatics 2021,MaxYoung475,winner,435
School olympiad in informatics 2021,RossSpencer-Carpenter474,winner,500
School olympiad in informatics 2021,ZoeFrost376,winner,440
School olympiad in informatics 2021,MitchellMiah240,winner,500
School olympiad in informatics 2021,MrPhilipDyer695,winner,500
School olympiad in informatics 2021,MrLouisSmart823,winner,500
School olympiad in informatics 2021,GrahamKhan674,winner,500
School olympiad in informatics 2021,LaurenVaughan825,awardee,315
School olympiad in informatics 2021,DrAbigailWatson478,awardee,296
School olympiad in informatics 2021,DrKieranHarris885,awardee,260
School olympiad in informatics 2021,DrVincentMarsden803,awardee,300
School olympiad in informatics 2021,MrDanielBaker602,awardee,327
School olympiad in informatics 2021,SianLord686,awardee,300
School olympiad in informatics 2021,JenniferJohnson233,awardee,300
School olympiad in informatics 2021,MsGeorgiaAnderson528,awardee,300
School olympiad in informatics 2021,DarrenWest902,awardee,331
School olympiad in informatics 2021,KatyCooper492,awardee,295
School olympiad in informatics 2021,CameronKing829,awardee,300
School olympiad in informatics 2021,MsNicolaRichards336,awardee,211
School olympiad in informatics 2021,MelissaWatkins537,awardee,388
School olympiad in informatics 2021,SharonGreen-Wallace870,awardee,300
School olympiad in informatics 2021,BarryNorman163,awardee,320
School olympiad in informatics 2021,StuartSmith-Phillips710,awardee,300
School olympiad in informatics 2021,RobinSmith313,awardee,288
School olympiad in informatics 2021,DebraMitchell542,awardee,300
School olympiad in informatics 2021,DeclanRandall-Bennett570,awardee,280
School olympiad in informatics 2021,JosephineDean573,awardee,300
School olympiad in informatics 2021,AngelaWard-Gibson403,awardee,355
School olympiad in informatics 2021,KateEdwards530,awardee,280
School olympiad in informatics 2021,MsOliviaReynolds368,awardee,332
School olympiad in informatics 2021,DrConorEdwards662,awardee,300
School olympiad in informatics 2021,JamieReeves329,awardee,210
School olympiad in informatics 2021,DrChristineAtkins474,awardee,236
School olympiad in informatics 2021,StephanieLewis422,awardee,370
School olympiad in informatics 2021,ChristianWright739,awardee,284
School olympiad in informatics 2021,MrsMariaWest998,awardee,340
School olympiad in informatics 2021,MrsMeganGordon564,awardee,399
School olympiad in informatics 2021,LauraNixon440,awardee,276
School olympiad in informatics 2021,MissChloeWhite902,awardee,255
School olympiad in informatics 2021,JodieSimpson626,awardee,300
School olympiad in informatics 2021,DrDennisDuffy472,awardee,300
School olympiad in informatics 2021,AimeeCooper733,awardee,300
School olympiad in informatics 2021,RachaelManning952,awardee,364
School olympiad in informatics 2021,JoelAnderson-Payne764,awardee,295
School olympiad in informatics 2021,LouiseAnderson359,awardee,350
School olympiad in informatics 2021,GeoffreyTaylor943,awardee,228
School olympiad in informatics 2021,AllanEvans103,awardee,228
School olympiad in informatics 2021,DamianMarsh-Ford117,awardee,300
School olympiad in informatics 2021,MsMelanieCross174,awardee,300
School olympiad in informatics 2021,GlennAllen259,awardee,300
School olympiad in informatics 2021,MrsJuneRobertson696,awardee,328
School olympiad in informatics 2021,MatthewThompson408,awardee,324
School olympiad in informatics 2021,JuneMurray-Hayes138,awardee,384
School olympiad in informatics 2021,TobyWalton696,awardee,400
School olympiad in informatics 2021,JoannaGoodwin653,awardee,363
School olympiad in informatics 2021,MrJamieTucker606,awardee,375
School olympiad in informatics 2021,GillianTalbot-Davies282,awardee,291
School olympiad in informatics 2021,DrZoeRoberts368,awardee,344
School olympiad in informatics 2021,MauriceWoods-Walton983,awardee,300
School olympiad in informatics 2021,AbigailBarnes663,awardee,350
School olympiad in informatics 2021,GlennWilliams529,awardee,316
School olympiad in informatics 2021,KimSkinner239,awardee,316
School olympiad in informatics 2021,MissAimeeBrown611,awardee,270
School olympiad in informatics 2021,JaniceAndrews966,awardee,334
School olympiad in informatics 2021,RussellMitchell726,awardee,342
School olympiad in informatics 2021,DorothyKhan531,awardee,320
School olympiad in informatics 2021,BradleyCoates-Brown518,awardee,400
School olympiad in informatics 2021,CliveSmith639,awardee,420
School olympiad in informatics 2021,StevenAnderson678,awardee,364
School olympiad in informatics 2021,DrGlennRogers958,awardee,332
School olympiad in informatics 2021,ClareJackson504,awardee,336
School olympiad in informatics 2021,MissCatherineStewart342,awardee,316
School olympiad in informatics 2021,MsLynnHicks416,awardee,432
School olympiad in informatics 2021,KennethTaylor-Hargreaves747,participant,100
School olympiad in informatics 2021,AnthonyPearson707,participant,180
School olympiad in informatics 2021,GlenWilson-Dixon535,participant,111
School olympiad in informatics 2021,DrDylanHolland380,participant,168
School olympiad in informatics 2021,MrsKathleenOliver944,participant,125
School olympiad in informatics 2021,RoyManning371,participant,100
School olympiad in informatics 2021,StuartSmith-Phillips710,participant,200
School olympiad in informatics 2021,JosephineDean573,participant,200
School olympiad in informatics 2021,CameronTurner141,participant,200
School olympiad in informatics 2021,ClareHall388,participant,100
School olympiad in informatics 2021,AshleyPotts151,participant,180
School olympiad in informatics 2021,DebraDawson449,participant,165
School olympiad in informatics 2021,NathanCarter201,participant,88
School olympiad in informatics 2021,MrsAmyHall693,participant,200
School olympiad in informatics 2021,LeahRobertson778,participant,60
School olympiad in informatics 2021,MrsBrendaWalsh973,participant,0
School olympiad in informatics 2021,RosemaryCollins798,participant,60
School olympiad in informatics 2021,KayleighMorgan288,participant,0
School olympiad in informatics 2021,BernardHill617,participant,200
School olympiad in informatics 2021,StephenBolton-Osborne409,participant,200
School olympiad in informatics 2021,MrsMandyLloyd650,participant,265
School olympiad in informatics 2021,GeraldBird-Knight112,participant,260
School olympiad in informatics 2021,BrandonLewis844,participant,125
School olympiad in informatics 2021,HarryCraig964,participant,203
School olympiad in informatics 2021,CliffordHerbert-Simmons388,participant,182
School olympiad in informatics 2021,JayneSpencer385,participant,145
School olympiad in informatics 2021,JoannaGoodwin653,participant,85
School olympiad in informatics 2021,RachaelFarmer-Harris248,participant,228
School olympiad in informatics 2021,DrZoeRoberts368,participant,212
School olympiad in informatics 2021,DrLaurenRyan859,participant,220
School olympiad in informatics 2021,MsMarionWells887,participant,50
School olympiad in informatics 2021,DrMollyWhite216,participant,250
School olympiad in informatics 2021,DrMohammedGarner461,participant,120
School olympiad in informatics 2021,MissAimeeBrown611,participant,0
School olympiad in informatics 2021,EricBurgess779,participant,300
School olympiad in informatics 2021,EricBurgess779,participant,200
School olympiad in informatics 2021,JoshuaPollard470,participant,280
School olympiad in informatics 2021,SophieHilton772,participant,240
School olympiad in informatics 2021,NathanPhillips504,participant,100
School olympiad in informatics 2021,KatieWilliams-Jackson226,participant,220
School olympiad in informatics 2021,DerekWhite428,participant,295
Municipal olympiad in informatics 2021,RichardYoung470,winner,500
Municipal olympiad in informatics 2021,ElliottEvans407,winner,500
Municipal olympiad in informatics 2021,JennaByrne733,winner,500
Municipal olympiad in informatics 2021,MrConorSaunders445,winner,500
Municipal olympiad in informatics 2021,KarenGordon902,winner,500
Municipal olympiad in informatics 2021,RossSpencer-Carpenter474,winner,500
Municipal olympiad in informatics 2021,GrahamKhan674,winner,500
Municipal olympiad in informatics 2021,MitchellMiah240,winner,500
Municipal olympiad in informatics 2021,MrPhilipDyer695,winner,500
Municipal olympiad in informatics 2021,GraemeGill404,winner,495
Municipal olympiad in informatics 2021,MrRoyLawson950,winner,484
Municipal olympiad in informatics 2021,LynnWalker919,winner,484
Municipal olympiad in informatics 2021,LiamRichards-Jones594,winner,468
Municipal olympiad in informatics 2021,LeslieFraser706,winner,460
Municipal olympiad in informatics 2021,MrsMaryHartley872,winner,448
Municipal olympiad in informatics 2021,FionaDean961,winner,448
Municipal olympiad in informatics 2021,JayneWilson539,winner,444
Municipal olympiad in informatics 2021,NigelWilkinson762,winner,442
Municipal olympiad in informatics 2021,AlexClark429,winner,436
Municipal olympiad in informatics 2021,MrsMeganGordon564,winner,424
Municipal olympiad in informatics 2021,DonnaWright259,winner,414
Municipal olympiad in informatics 2021,BradleyCoates-Brown518,awardee,402
Municipal olympiad in informatics 2021,AnnetteBradley393,winner,400
Municipal olympiad in informatics 2021,BrianShah476,winner,400
Municipal olympiad in informatics 2021,StephanieLewis422,awardee,393
Municipal olympiad in informatics 2021,DrPaulSimpson668,awardee,389
Municipal olympiad in informatics 2021,MrGlenWright819,awardee,388
Municipal olympiad in informatics 2021,BryanSmith794,awardee,387
Municipal olympiad in informatics 2021,StevenThomas887,awardee,386
Municipal olympiad in informatics 2021,AntonyHowell263,awardee,384
Municipal olympiad in informatics 2021,JayMiles639,awardee,377
Municipal olympiad in informatics 2021,MarkParry587,participant,375
Municipal olympiad in informatics 2021,LyndaRose430,awardee,372
Municipal olympiad in informatics 2021,JamieReeves329,awardee,363
Municipal olympiad in informatics 2021,DrElliottSavage961,awardee,360
Municipal olympiad in informatics 2021,JillRichardson-Griffiths386,awardee,358
Municipal olympiad in informatics 2021,MrsAliceHarris721,participant,356
Municipal olympiad in informatics 2021,ShirleyHart293,awardee,355
Municipal olympiad in informatics 2021,HenryGardner747,awardee,348
Municipal olympiad in informatics 2021,MelissaWatkins537,awardee,333
Municipal olympiad in informatics 2021,MollyBrown627,awardee,332
Municipal olympiad in informatics 2021,BethanyNicholls188,awardee,330
Municipal olympiad in informatics 2021,DorothyKhan531,participant,318
Municipal olympiad in informatics 2021,CameronKing829,awardee,316
Municipal olympiad in informatics 2021,GlenWilson-Dixon535,awardee,315
Municipal olympiad in informatics 2021,MartynWaters-Hutchinson660,awardee,310
Municipal olympiad in informatics 2021,BarryNorman163,awardee,308
Municipal olympiad in informatics 2021,CliveSmith639,participant,299
Municipal olympiad in informatics 2021,RussellMitchell726,participant,298
Municipal olympiad in informatics 2021,AdamPrice-Wilkinson354,awardee,297
Municipal olympiad in informatics 2021,DrGlennRogers958,participant,296
Municipal olympiad in informatics 2021,MissAlisonDixon815,participant,291
Municipal olympiad in informatics 2021,LauraNixon440,participant,290
Municipal olympiad in informatics 2021,AngelaWard-Gibson403,participant,288
Municipal olympiad in informatics 2021,StaceyHughes519,participant,287
Municipal olympiad in informatics 2021,MaxYoung475,participant,287
Municipal olympiad in informatics 2021,MsCarlyGiles209,participant,283
Municipal olympiad in informatics 2021,MrsMariaWest998,participant,283
Municipal olympiad in informatics 2021,MrMartinMcCarthy111,participant,282
Municipal olympiad in informatics 2021,DebraBrowne667,participant,281
Municipal olympiad in informatics 2021,MsOliviaReynolds368,participant,276
Municipal olympiad in informatics 2021,RachaelManning952,participant,276
Municipal olympiad in informatics 2021,CharlieWaters325,participant,276
Municipal olympiad in informatics 2021,KevinPatterson341,participant,275
Municipal olympiad in informatics 2021,ZoeFrost376,participant,274
Municipal olympiad in informatics 2021,DrGillianWilliams233,participant,273
Municipal olympiad in informatics 2021,SimonPearson381,participant,273
Municipal olympiad in informatics 2021,KatherineWarren949,participant,269
Municipal olympiad in informatics 2021,MissAimeeBrown611,participant,260
Municipal olympiad in informatics 2021,JoannaGoodwin653,participant,253
Municipal olympiad in informatics 2021,StevenAnderson678,participant,252
Municipal olympiad in informatics 2021,ClaireLewis219,participant,250
Municipal olympiad in informatics 2021,StewartReed-Wheeler867,participant,246
Municipal olympiad in informatics 2021,MatthewThompson408,participant,244
Municipal olympiad in informatics 2021,MsNicolaRichards336,participant,241
Municipal olympiad in informatics 2021,JodieSimpson626,participant,240
Municipal olympiad in informatics 2021,MissCatherineStewart342,participant,237
Municipal olympiad in informatics 2021,RobinSmith313,participant,0
Municipal olympiad in informatics 2021,PaulPeters297,participant,228
Municipal olympiad in informatics 2021,VanessaHarding677,participant,226
Municipal olympiad in informatics 2021,DarrenWest902,participant,224
Municipal olympiad in informatics 2021,LaurenVaughan825,participant,222
Municipal olympiad in informatics 2021,RobertHarding831,participant,222
Municipal olympiad in informatics 2021,GlennAllen259,participant,221
Municipal olympiad in informatics 2021,DrAbigailWatson478,participant,218
Municipal olympiad in informatics 2021,MrDanielBaker602,participant,218
Municipal olympiad in informatics 2021,AimeeCooper733,participant,218
Municipal olympiad in informatics 2021,AbigailBarnes663,participant,216
Municipal olympiad in informatics 2021,SharonGreen-Wallace870,participant,210
Municipal olympiad in informatics 2021,RossKaur806,participant,209
Municipal olympiad in informatics 2021,DrVincentMarsden803,participant,205
Municipal olympiad in informatics 2021,DeclanRandall-Bennett570,participant,0
Municipal olympiad in informatics 2021,DrDennisDuffy472,participant,205
Municipal olympiad in informatics 2021,DrChristineAtkins474,participant,203
Municipal olympiad in informatics 2021,AmandaWalker580,participant,203
Municipal olympiad in informatics 2021,GillianTalbot-Davies282,participant,203
Municipal olympiad in informatics 2021,LisaMartin301,participant,202
Municipal olympiad in informatics 2021,StuartSmith-Phillips710,participant,201
Municipal olympiad in informatics 2021,DrConorEdwards662,participant,0
Municipal olympiad in informatics 2021,DrDenisKirk419,participant,195
Municipal olympiad in informatics 2021,KatyCooper492,participant,194
Municipal olympiad in informatics 2021,ChristianWright739,participant,192
Municipal olympiad in informatics 2021,KateEdwards530,participant,190
Municipal olympiad in informatics 2021,LouiseAnderson359,participant,190
Municipal olympiad in informatics 2021,MohammadFletcher290,participant,188
Municipal olympiad in informatics 2021,GeoffreyTaylor943,participant,178
Municipal olympiad in informatics 2021,ValerieLaw678,participant,176
Municipal olympiad in informatics 2021,LiamPearson103,participant,170
Municipal olympiad in informatics 2021,JosephineDean573,participant,0
Municipal olympiad in informatics 2021,AmyHall419,participant,155
Municipal olympiad in informatics 2021,DrKieranHarris885,participant,152
Municipal olympiad in informatics 2021,JenniferJohnson233,participant,140
Municipal olympiad in informatics 2021,MrChristianGray535,participant,138
Municipal olympiad in informatics 2021,DrZoeRoberts368,participant,138
Municipal olympiad in informatics 2021,GlennWilliams529,participant,130
Municipal olympiad in informatics 2021,AlexHardy206,participant,125
Municipal olympiad in informatics 2021,ClareHall388,participant,121
Municipal olympiad in informatics 2021,CliffordLewis529,participant,120
Municipal olympiad in informatics 2021,ClareJackson504,participant,120
Municipal olympiad in informatics 2021,MohammadSingh721,participant,116
Municipal olympiad in informatics 2021,MsAmeliaWalton645,participant,110
Municipal olympiad in informatics 2021,TobyWalton696,participant,110
Municipal olympiad in informatics 2021,DebraMitchell542,participant,105
Municipal olympiad in informatics 2021,MissChloeWhite902,participant,84
Municipal olympiad in informatics 2021,MargaretHiggins885,participant,20
Municipal olympiad in informatics 2021,GordonAnderson572,participant,16
Municipal olympiad in informatics 2021,JadeSmith499,participant,0
Municipal olympiad in informatics 2021,KayleighMorgan288,participant,0
Municipal olympiad in informatics 2021,MsBethCole689,winner,500
Municipal olympiad in informatics 2021,DrEricMarshall373,winner,500
Municipal olympiad in informatics 2021,EdwardCook230,winner,500
Municipal olympiad in informatics 2021,RaymondRobinson215,winner,480
Municipal olympiad in informatics 2021,LisaNicholson268,winner,480
Municipal olympiad in informatics 2021,SaraBarton995,winner,460
Municipal olympiad in informatics 2021,AliceGibson-Barrett927,winner,450
Municipal olympiad in informatics 2021,MalcolmWhitehouse135,winner,440
Municipal olympiad in informatics 2021,GaryHarrison-Lewis476,winner,430
Municipal olympiad in informatics 2021,AliceTaylor501,winner,430
Municipal olympiad in informatics 2021,CatherineFox860,winner,430
Municipal olympiad in informatics 2021,SianLord686,winner,420
Municipal olympiad in informatics 2021,MrSeanWilkinson388,winner,420
Municipal olympiad in informatics 2021,GeraldineBaxter898,winner,410
Municipal olympiad in informatics 2021,ChristianBriggs-White692,winner,410
Municipal olympiad in informatics 2021,ArthurWatts978,winner,410
Municipal olympiad in informatics 2021,MrsOliviaClark927,winner,410
Municipal olympiad in informatics 2021,RitaEdwards619,winner,400
Municipal olympiad in informatics 2021,NeilGrant-O'Connor260,winner,390
Municipal olympiad in informatics 2021,KarlCooper-James365,awardee,390
Municipal olympiad in informatics 2021,GeorginaWalker241,winner,380
Municipal olympiad in informatics 2021,MrDeanWhite432,winner,380
Municipal olympiad in informatics 2021,DarrenCollins-Wilson232,awardee,370
Municipal olympiad in informatics 2021,JoeFlynn133,awardee,370
Municipal olympiad in informatics 2021,MissSarahSmith336,awardee,370
Municipal olympiad in informatics 2021,JadeSmith499,participant,0
Municipal olympiad in informatics 2021,GailBrown556,awardee,370
Municipal olympiad in informatics 2021,AlexFarrell508,awardee,360
Municipal olympiad in informatics 2021,DrStephanieArcher660,awardee,360
Municipal olympiad in informatics 2021,DrTeresaLawrence386,awardee,360
Municipal olympiad in informatics 2021,JeremyJackson151,awardee,350
Municipal olympiad in informatics 2021,ScottFord-Gallagher131,awardee,350
Municipal olympiad in informatics 2021,MaryStephens745,participant,0
Municipal olympiad in informatics 2021,StephenStone409,awardee,340
Municipal olympiad in informatics 2021,IanCook117,awardee,330
Municipal olympiad in informatics 2021,DrHarrietGriffiths320,awardee,330
Municipal olympiad in informatics 2021,LynneKing988,awardee,320
Municipal olympiad in informatics 2021,PamelaMarshall412,participant,0
Municipal olympiad in informatics 2021,DrRickySmith757,awardee,320
Municipal olympiad in informatics 2021,RaymondHolloway-Clark176,awardee,310
Municipal olympiad in informatics 2021,DrRogerDavies643,awardee,300
Municipal olympiad in informatics 2021,JoyceBegum530,awardee,280
Municipal olympiad in informatics 2021,AlexandraWilliams319,awardee,270
Municipal olympiad in informatics 2021,EmilyJarvis809,awardee,270
Municipal olympiad in informatics 2021,MissKimJames348,participant,0
Municipal olympiad in informatics 2021,MissDanielleStephenson761,participant,220
Municipal olympiad in informatics 2021,FrancesWilliams993,participant,210
Municipal olympiad in informatics 2021,ClareTaylor427,participant,210
Municipal olympiad in informatics 2021,KennethTaylor-Hargreaves747,participant,200
Municipal olympiad in informatics 2021,TrevorHardy333,participant,190
Municipal olympiad in informatics 2021,MrCliveSmith130,participant,190
Municipal olympiad in informatics 2021,MarieBrown134,participant,180
Municipal olympiad in informatics 2021,AlanYates240,participant,170
Municipal olympiad in informatics 2021,RhysWhite600,participant,160
Municipal olympiad in informatics 2021,SophiePearce593,participant,140
Municipal olympiad in informatics 2021,LindaWright484,participant,0
Regional olimpiad in informatics 2022,HannahPreston860,winner,800
Regional olimpiad in informatics 2022,DenisWaters706,winner,747
Regional olimpiad in informatics 2022,MrLouisSmart823,winner,733
Regional olimpiad in informatics 2022,VictorMorris747,awardee,696
Regional olimpiad in informatics 2022,CallumHill-Walsh988,awardee,685
Regional olimpiad in informatics 2022,JennaByrne733,winner,648
Regional olimpiad in informatics 2022,MissDeborahCartwright584,awardee,639
Regional olimpiad in informatics 2022,ElizabethHughes548,awardee,636
Regional olimpiad in informatics 2022,RichardYoung470,winner,611
Regional olimpiad in informatics 2022,MrLukeHarris707,awardee,608
Regional olimpiad in informatics 2022,ShirleyTaylor117,awardee,571
Regional olimpiad in informatics 2022,RossSpencer-Carpenter474,awardee,563
Regional olimpiad in informatics 2022,GrahamKhan674,awardee,547
Regional olimpiad in informatics 2022,JayneWilson539,awardee,526
Regional olimpiad in informatics 2022,MrPhilipDyer695,awardee,526
Regional olimpiad in informatics 2022,MitchellMiah240,awardee,501
Regional olimpiad in informatics 2022,MsAbigailHart325,,498
Regional olimpiad in informatics 2022,GraemeGill404,awardee,476
Regional olimpiad in informatics 2022,DonnaWright259,awardee,454
Regional olimpiad in informatics 2022,LynnWalker919,awardee,453
Regional olimpiad in informatics 2022,JanetHarris-Young855,,441
Regional olimpiad in informatics 2022,KarenGordon902,awardee,427
Regional olimpiad in informatics 2022,ElliottEvans407,awardee,414
Regional olimpiad in informatics 2022,JillRichardson-Griffiths386,awardee,378
Regional olimpiad in informatics 2022,StevenThomas887,awardee,368
Regional olimpiad in informatics 2022,JayMiles639,awardee,367
Regional olimpiad in informatics 2022,BethanyNicholls188,awardee,362
Regional olimpiad in informatics 2022,BryanSmith794,,362
Regional olimpiad in informatics 2022,DrPaulSimpson668,awardee,360
Regional olimpiad in informatics 2022,BradleyCoates-Brown518,,347
Regional olimpiad in informatics 2022,BrianShah476,awardee,345
Regional olimpiad in informatics 2022,MrGlenWright819,awardee,341
Regional olimpiad in informatics 2022,StephanieLewis422,awardee,340
Regional olimpiad in informatics 2022,MartynWaters-Hutchinson660,awardee,330
Regional olimpiad in informatics 2022,MrsAliceHarris721,,328
Regional olimpiad in informatics 2022,AntonyHowell263,,327
Regional olimpiad in informatics 2022,MrsMeganGordon564,awardee,327
Regional olimpiad in informatics 2022,SianBennett-Wood566,,306
Regional olimpiad in informatics 2022,LiamRichards-Jones594,,305
Regional olimpiad in informatics 2022,CameronKing829,awardee,294
Regional olimpiad in informatics 2022,FionaDean961,awardee,289
Regional olimpiad in informatics 2022,AlexClark429,,274
Regional olimpiad in informatics 2022,MelissaWatkins537,,269
Regional olimpiad in informatics 2022,HenryGardner747,,256
Regional olimpiad in informatics 2022,MrRoyLawson950,,252
Regional olimpiad in informatics 2022,JamieReeves329,,242
Regional olimpiad in informatics 2022,MrsMaryHartley872,,240
Regional olimpiad in informatics 2022,LyndaRose430,,232
Regional olimpiad in informatics 2022,NigelWilkinson762,,231
Regional olimpiad in informatics 2022,DrElliottSavage961,,110
Regional olimpiad in informatics 2022,MrConorSaunders445,,100
Regional olimpiad in informatics 2022,BarryNorman163,,72
Regional olimpiad in informatics 2022,ShirleyHart293,,10
Moscow olimpiad in informatics 2022,IainGibson488,winner,292
Moscow olimpiad in informatics 2022,MarilynEdwards-Jones307,2nd diploma,238
Moscow olimpiad in informatics 2022,AlexandraWilliams319,2nd diploma,218
Moscow olimpiad in informatics 2022,DrVincentMarsden803,3rd diploma,200
Moscow olimpiad in informatics 2022,DrSophieBaxter100,3rd diploma,274
Moscow olimpiad in informatics 2022,BethanyNicholls188,3rd diploma,222
Moscow olimpiad in informatics 2022,KennethTaylor-Hargreaves747,,124
Moscow olimpiad in informatics 2022,StevenThomas887,,166
Moscow olimpiad in informatics 2022,SianLord686,,156
Moscow olimpiad in informatics 2022,DarrenWest902,,146
Moscow olimpiad in informatics 2022,ChristianBriggs-White692,,146
Moscow olimpiad in informatics 2022,DrTeresaLawrence386,,142
Moscow olimpiad in informatics 2022,LaurenVaughan825,,130
Moscow olimpiad in informatics 2022,TrevorHardy333,,120
Moscow olimpiad in informatics 2022,MsAmeliaWalton645,,34
Moscow olimpiad in informatics 2022,MrGlenWright819,2nd diploma,330
Moscow olimpiad in informatics 2022,EdwardCook230,2nd diploma,304
Moscow olimpiad in informatics 2022,JamieReeves329,3rd diploma,286
Moscow olimpiad in informatics 2022,MelissaWatkins537,,222
Moscow olimpiad in informatics 2022,MartynWaters-Hutchinson660,,158
Moscow olimpiad in informatics 2022,VanessaHarding677,,150
Moscow olimpiad in informatics 2022,JennaByrne733,winner,488
Moscow olimpiad in informatics 2022,RichardYoung470,winner,433
Moscow olimpiad in informatics 2022,MrRoyLawson950,2nd diploma,384
Moscow olimpiad in informatics 2022,ElliottEvans407,3rd diploma,320
Moscow olimpiad in informatics 2022,JayMiles639,,274
Moscow olimpiad in informatics 2022,LyndaRose430,,224
Moscow olimpiad in informatics 2022,JayneWilson539,,218
Moscow olimpiad in informatics 2022,GuyClark260,,196
Moscow olimpiad in informatics 2022,DonnaWright259,,128
Moscow olimpiad in informatics 2022,MrsMeganGordon564,,68
Moscow olimpiad in informatics 2022,GraemeGill404,winner,420
Open coding olympiad 2022,HannahPreston860,1st diploma,677
Open coding olympiad 2022,ChelseaParsons498,1st diploma,563
Open coding olympiad 2022,MrLouisSmart823,2nd diploma,549
Open coding olympiad 2022,DenisWaters706,3rd diploma,504
Open coding olympiad 2022,MissDeborahCartwright584,3rd diploma,482
ROI 2022,HannahPreston860,winner,696
ROI 2022,RichardYoung470,awardee,487
ROI 2022,DenisWaters706,awardee,486
ROI 2022,RossSpencer-Carpenter474,awardee,467
ROI 2022,JennaByrne733,participant,385
ROI 2022,JayneWilson539,participant,268
ROI 2022,ShirleyTaylor117,participant,261
ROI 2022,ChelseaParsons498,winner,667
ROI 2022,MissDeborahCartwright584,awardee,474
ROI 2022,MrLouisSmart823,awardee,458
ROI 2022,MrLukeHarris707,participant,349
ROI 2022,VictorMorris747,participant,343
ROI 2022,ElizabethHughes548,participant,301
ROI 2022,CallumHill-Walsh988,participant,268
ROI 2022,GrahamKhan674,participant,195
Moscow olimpiad in informatics 2022,MrLukeHarris707,2nd diploma,412
Moscow olimpiad in informatics 2022,MrPhilipDyer695,3rd diploma,374
Moscow olimpiad in informatics 2022,MitchellMiah240,3rd diploma,360
Moscow olimpiad in informatics 2022,GrahamKhan674,3rd diploma,351
JROI 2022,GraemeGill404,2nd diploma,374
JROI 2022,MelissaWatkins537,2nd diploma,346
JROI 2022,JamieReeves329,2nd diploma,344
JROI 2022,FionaDean961,2nd diploma,321
JROI 2022,VanessaHarding677,2nd diploma,314
JROI 2022,DrTeresaLawrence386,2nd diploma,312
JROI 2022,BethanyNicholls188,2nd diploma,305
JROI 2022,MartynWaters-Hutchinson660,3rd diploma,303
JROI 2022,StevenThomas887,3rd diploma,288
JROI 2022,CameronKing829,3rd diploma,284
Russian Collegiate Programming Contest 2023,HannahPreston860,gold medal,0
Russian Collegiate Programming Contest 2023,DenisWaters706,gold medal,0
Russian Collegiate Programming Contest 2023,RichardYoung470,silver medal,0
Russian Collegiate Programming Contest 2023,KarenGordon902,2nd diploma,0
Russian Collegiate Programming Contest 2023,ShirleyTaylor117,2nd diploma,0
Russian Collegiate Programming Contest 2023,JayneWilson539,2nd diploma,0
Russian Collegiate Programming Contest 2023,JennaByrne733,2nd diploma,0
Russian Collegiate Programming Contest 2023,DonnaWright259,2nd diploma,0
Russian Collegiate Programming Contest 2023,LynnWalker919,3rd diploma,0
Russian Collegiate Programming Contest 2023,RossSpencer-Carpenter474,3rd diploma,0
Russian Collegiate Programming Contest 2023,AntonyHowell263,3rd diploma,0
Russian Collegiate Programming Contest 2022,HannahPreston860,silver medal,0
Russian Collegiate Programming Contest 2022,DenisWaters706,2nd diploma,0
Russian Collegiate Programming Contest 2022,CallumHill-Walsh988,3rd diploma,0
Russian Collegiate Programming Contest 2022,MrLouisSmart823,3rd diploma,0
Russian Collegiate Programming Contest 2022,MsAbigailHart325,3rd diploma,0
Russian Collegiate Programming Contest 2021,LukeGeorge-Andrews592,silver medal,0
Russian Collegiate Programming Contest 2021,ChelseaParsons498,bronze medal,0
Russian Collegiate Programming Contest 2021,DrMohammadCooper652,1st diploma,0
Russian Collegiate Programming Contest 2021,PaulaNicholson451,1st diploma,0
Russian Collegiate Programming Contest 2021,MissTracyRyan233,1st diploma,0
Russian Collegiate Programming Contest 2021,CallumHill-Walsh988,2nd diploma,0
Russian Collegiate Programming Contest 2021,MrLouisSmart823,2nd diploma,0
Russian Collegiate Programming Contest 2021,MsAbigailHart325,2nd diploma,0
Russian Collegiate Programming Contest 2021,MartynKelly721,2nd diploma,0
Russian Collegiate Programming Contest 2021,LesleyBrennan761,2nd diploma,0
Russian Collegiate Programming Contest 2021,DenisWaters706,3rd diploma,0
School olympiad in informatics 2022,KatePotts917,awardee,235
School olympiad in informatics 2022,GaryHarrison-Lewis476,winner,405
School olympiad in informatics 2022,AnnaMorris716,winner,415
School olympiad in informatics 2022,DaniellePorter555,winner,475
School olympiad in informatics 2022,DrAlisonO'Connor835,winner,330
School olympiad in informatics 2022,ReeceBirch663,winner,360
School olympiad in informatics 2022,VictoriaKing-Harvey617,winner,460
School olympiad in informatics 2022,CherylParsons738,winner,385
School olympiad in informatics 2022,BillyWright689,winner,500
School olympiad in informatics 2022,MohammedHutchinson-Alexander755,awardee,300
School olympiad in informatics 2022,GaryAtkinson-Mills930,awardee,305
School olympiad in informatics 2022,MrFrederickFarrell222,winner,500
School olympiad in informatics 2022,JeffreyO'Sullivan-Dale205,winner,470
School olympiad in informatics 2022,MsAnnCooper710,awardee,325
School olympiad in informatics 2022,LouiseMoran178,awardee,260
School olympiad in informatics 2022,MrStuartMoore834,awardee,280
School olympiad in informatics 2022,RosemaryGilbert183,winner,500
School olympiad in informatics 2022,ShannonRussell-Parker893,winner,500
School olympiad in informatics 2022,BethanCollier912,winner,365
School olympiad in informatics 2022,SheilaWilkinson951,winner,400
School olympiad in informatics 2022,MartinPorter806,winner,370
School olympiad in informatics 2022,DorothyScott614,winner,440
School olympiad in informatics 2022,DrNormanRichardson450,winner,420
School olympiad in informatics 2022,CherylDoyle967,awardee,255
School olympiad in informatics 2022,JaneBrown662,awardee,280
School olympiad in informatics 2022,MissJaneHarris410,winner,470
School olympiad in informatics 2022,AlexandraWilliams319,winner,415
School olympiad in informatics 2022,IainGibson488,winner,500
School olympiad in informatics 2022,HollieCollins-Horton473,awardee,300
School olympiad in informatics 2022,MsSusanAllen675,awardee,230
School olympiad in informatics 2022,MrsSusanWright507,winner,370
School olympiad in informatics 2022,JamesChapman785,winner,470
School olympiad in informatics 2022,JaniceSpencer563,winner,440
School olympiad in informatics 2022,MsLindaRose448,winner,335
School olympiad in informatics 2022,IanHarrison426,winner,410
School olympiad in informatics 2022,BethanyMitchell353,winner,470
School olympiad in informatics 2022,KatieMiles768,winner,500
School olympiad in informatics 2022,RaymondHolloway-Clark176,winner,330
School olympiad in informatics 2022,LydiaFreeman-Cook133,awardee,305
School olympiad in informatics 2022,MsSaraCook497,winner,500
School olympiad in informatics 2022,AdrianO'Brien-Jackson773,winner,485
School olympiad in informatics 2022,BryanStephenson-Shepherd738,winner,440
School olympiad in informatics 2022,CarolineThomas314,awardee,320
School olympiad in informatics 2022,CliveKay507,winner,465
School olympiad in informatics 2022,StuartIqbal876,awardee,305
School olympiad in informatics 2022,JoelPratt504,winner,420
School olympiad in informatics 2022,AngelaBailey681,winner,425
School olympiad in informatics 2022,DeniseCampbell368,winner,465
School olympiad in informatics 2022,MrsBethConway329,winner,500
School olympiad in informatics 2022,DrNeilKaur814,winner,480
School olympiad in informatics 2022,GordonWyatt578,winner,330
School olympiad in informatics 2022,MrAndrewBegum732,winner,480
School olympiad in informatics 2022,NormanHolloway377,awardee,265
School olympiad in informatics 2022,ClareRichardson525,winner,405
School olympiad in informatics 2022,JoshTaylor944,winner,395
School olympiad in informatics 2022,DrGarethSmith697,winner,410
School olympiad in informatics 2022,DrHarrietRobinson308,winner,330
School olympiad in informatics 2022,JuneTaylor179,winner,460
School olympiad in informatics 2022,DenisWood323,winner,375
School olympiad in informatics 2022,GraceBall640,awardee,285
School olympiad in informatics 2022,BethPreston828,winner,345
School olympiad in informatics 2022,MarilynEdwards-Jones307,awardee,300
School olympiad in informatics 2022,MarionReeves193,winner,405
School olympiad in informatics 2022,MissSallyWhitehouse688,winner,500
School olympiad in informatics 2022,JoyceBegum530,winner,500
School olympiad in informatics 2022,KarlJames-Roberts799,winner,500
School olympiad in informatics 2022,GaryHarrison-Lewis476,winner,500
School olympiad in informatics 2022,PeterSmith345,winner,395
School olympiad in informatics 2022,JeremyJackson151,winner,500
School olympiad in informatics 2022,JodieDuffy973,awardee,360
School olympiad in informatics 2022,JasmineKirby790,awardee,260
School olympiad in informatics 2022,SaraBarton995,winner,370
School olympiad in informatics 2022,MaryWilson131,winner,420
School olympiad in informatics 2022,AlexFarrell508,winner,405
School olympiad in informatics 2022,AmandaJackson635,winner,500
School olympiad in informatics 2022,ChloeMann804,winner,500
School olympiad in informatics 2022,StephenBennett-Brooks200,winner,425
School olympiad in informatics 2022,PatriciaWilson948,awardee,270
School olympiad in informatics 2022,DamianPrice569,winner,380
School olympiad in informatics 2022,MichaelMoss514,winner,500
School olympiad in informatics 2022,BernardHarris809,winner,385
School olympiad in informatics 2022,StephenWalters847,winner,470
School olympiad in informatics 2022,ChristianBriggs-White692,winner,445
School olympiad in informatics 2022,ElizabethArmstrong597,winner,430
School olympiad in informatics 2022,GeorgeHarrison970,winner,500
School olympiad in informatics 2022,MissJaneClark752,winner,500
School olympiad in informatics 2022,SharonOwen107,awardee,330
School olympiad in informatics 2022,KerryDuffy918,awardee,330
School olympiad in informatics 2022,MrBradleyTodd846,awardee,360
School olympiad in informatics 2022,TerenceWhittaker816,winner,460
School olympiad in informatics 2022,RitaEdwards619,awardee,325
School olympiad in informatics 2022,AliceTaylor501,winner,500
School olympiad in informatics 2022,DrTonyJones510,winner,500
School olympiad in informatics 2022,PamelaMarshall412,awardee,300
School olympiad in informatics 2022,JoeFlynn133,winner,380
School olympiad in informatics 2022,MrBillyHayward418,winner,500
School olympiad in informatics 2022,MissLynneSmith641,awardee,250
School olympiad in informatics 2022,KellySheppard422,winner,500
School olympiad in informatics 2022,DrAlexCarr836,winner,385
School olympiad in informatics 2022,ArthurWatts978,awardee,295
School olympiad in informatics 2022,MissKimJames348,awardee,400
School olympiad in informatics 2022,MaxWilliams742,awardee,300
School olympiad in informatics 2022,LaurenVaughan825,awardee,400
School olympiad in informatics 2022,AliceGibson-Barrett927,awardee,300
School olympiad in informatics 2022,MrsVictoriaSmith448,awardee,260
School olympiad in informatics 2022,MissSarahSmith336,awardee,400
School olympiad in informatics 2022,StuartSmith-Phillips710,awardee,360
School olympiad in informatics 2022,DrKieranHarris885,awardee,408
School olympiad in informatics 2022,MissCharlotteRyan783,awardee,350
School olympiad in informatics 2022,CameronKing829,winner,500
School olympiad in informatics 2022,SianLord686,awardee,464
School olympiad in informatics 2022,MargaretHiggins885,awardee,400
School olympiad in informatics 2022,CarlyDavison568,awardee,415
School olympiad in informatics 2022,StevenRowley-Douglas741,awardee,265
School olympiad in informatics 2022,RobinSmith313,winner,352
School olympiad in informatics 2022,DanielBrown663,awardee,400
School olympiad in informatics 2022,DrGarethFowler692,winner,500
School olympiad in informatics 2022,DebraMitchell542,awardee,210
School olympiad in informatics 2022,JadeSmith499,awardee,400
School olympiad in informatics 2022,DamienCarter188,awardee,468
School olympiad in informatics 2022,LynneKing988,awardee,266
School olympiad in informatics 2022,DrHarrietGriffiths320,awardee,400
School olympiad in informatics 2022,MrsKathleenOliver944,awardee,322
School olympiad in informatics 2022,DianePrice847,awardee,400
School olympiad in informatics 2022,ScottFord-Gallagher131,awardee,464
School olympiad in informatics 2022,VanessaHarding677,winner,500
School olympiad in informatics 2022,DrStephanieArcher660,awardee,468
School olympiad in informatics 2022,DrAbigailWatson478,awardee,419
School olympiad in informatics 2022,GarethKhan769,awardee,485
School olympiad in informatics 2022,DarrenWest902,awardee,262
School olympiad in informatics 2022,RaymondRobinson215,awardee,492
School olympiad in informatics 2022,JamieReeves329,winner,500
School olympiad in informatics 2022,MaryStephens745,awardee,400
School olympiad in informatics 2022,DrTeresaLawrence386,winner,500
School olympiad in informatics 2022,AngelaWard-Gibson403,awardee,315
School olympiad in informatics 2022,GlenWilson-Dixon535,awardee,418
School olympiad in informatics 2022,GillianWilliams-Jordan467,awardee,400
School olympiad in informatics 2022,DrDenisKirk419,winner,373
School olympiad in informatics 2022,MsBethCole689,awardee,464
School olympiad in informatics 2022,LisaMartin301,awardee,476
School olympiad in informatics 2022,CatherineFox860,awardee,315
School olympiad in informatics 2022,NormanJohn484,awardee,375
School olympiad in informatics 2022,MartynWaters-Hutchinson660,winner,500
School olympiad in informatics 2022,GuyGoodwin-Nixon815,awardee,230
School olympiad in informatics 2022,ShaunParker509,winner,500
School olympiad in informatics 2022,KennethTaylor-Hargreaves747,awardee,464
School olympiad in informatics 2022,StevenThomas887,winner,500
School olympiad in informatics 2022,CarolineWright293,awardee,400
School olympiad in informatics 2022,MsAlexandraBell287,awardee,311
School olympiad in informatics 2022,LynneSingh-Jennings333,awardee,400
School olympiad in informatics 2022,MsNicolaRichards336,awardee,444
School olympiad in informatics 2022,BernardQuinn324,awardee,217
School olympiad in informatics 2022,DrGerardWood308,awardee,468
School olympiad in informatics 2022,JenniferJohnson233,awardee,217
School olympiad in informatics 2022,SharonGreen-Wallace870,awardee,400
School olympiad in informatics 2022,DrGarryBryan538,awardee,244
School olympiad in informatics 2022,CameronTurner141,winner,388
School olympiad in informatics 2022,MelissaWatkins537,awardee,460
School olympiad in informatics 2022,KateEdwards530,awardee,370
School olympiad in informatics 2022,MsOliviaReynolds368,winner,500
School olympiad in informatics 2022,MsAmeliaWalton645,awardee,414
School olympiad in informatics 2022,NathanChadwick554,awardee,240
School olympiad in informatics 2022,MrsKimMatthews752,awardee,360
School olympiad in informatics 2022,LisaNicholson268,awardee,213
School olympiad in informatics 2022,FionaDean961,winner,500
School olympiad in informatics 2022,RhysWhite600,awardee,400
School olympiad in informatics 2022,BruceSullivan696,awardee,300
School olympiad in informatics 2022,DavidJordan806,winner,500
School olympiad in informatics 2022,ClaireLewis219,awardee,400
School olympiad in informatics 2022,MsCarlyGiles209,winner,500
School olympiad in informatics 2022,JoeFlynn133,winner,345
School olympiad in informatics 2022,DonaldReid808,winner,368
School olympiad in informatics 2022,MrsOliviaClark927,awardee,215
School olympiad in informatics 2022,DrSophieBaxter100,awardee,480
School olympiad in informatics 2022,MrDanielBaker602,winner,331
School olympiad in informatics 2022,RussellMartin393,awardee,385
School olympiad in informatics 2022,AnnetteBradley393,awardee,464
School olympiad in informatics 2022,DrRogerDavies643,awardee,251
School olympiad in informatics 2022,MrsMariaWest998,winner,400
School olympiad in informatics 2022,MrMartinMcCarthy111,awardee,400
School olympiad in informatics 2022,LouiseAnderson359,awardee,259
School olympiad in informatics 2022,JayneWilson539,winner,500
School olympiad in informatics 2022,KevinWilkins336,awardee,444
School olympiad in informatics 2022,JeffreyMurphy136,awardee,460
School olympiad in informatics 2022,ClareHall388,awardee,460
School olympiad in informatics 2022,LyndaRose430,awardee,226
School olympiad in informatics 2022,DrDennisDuffy472,awardee,300
School olympiad in informatics 2022,CallumHill-Walsh988,winner,500
School olympiad in informatics 2022,GeoffreyTaylor943,awardee,421
School olympiad in informatics 2022,MohammadSingh721,awardee,425
School olympiad in informatics 2022,AmandaWalker580,awardee,385
School olympiad in informatics 2022,VincentBaker686,awardee,444
School olympiad in informatics 2022,StaceyHughes519,awardee,298
School olympiad in informatics 2022,DrPaulSimpson668,awardee,268
School olympiad in informatics 2022,JaniceMoore587,winner,500
School olympiad in informatics 2022,MrsMeganGordon564,winner,500
School olympiad in informatics 2022,ElliottEvans407,winner,436
School olympiad in informatics 2022,MollyO'Brien327,awardee,255
School olympiad in informatics 2022,RobertHarding831,awardee,272
School olympiad in informatics 2022,DonnaWright259,winner,500
School olympiad in informatics 2022,DrGillianWilliams233,awardee,485
School olympiad in informatics 2022,JosephSimpson953,awardee,400
School olympiad in informatics 2022,KatherineWarren949,winner,388
School olympiad in informatics 2022,HenryGardner747,awardee,439
School olympiad in informatics 2022,AmyHall419,awardee,238
School olympiad in informatics 2022,JennaByrne733,winner,500
School olympiad in informatics 2022,MissHelenWilson248,awardee,225
School olympiad in informatics 2022,StephenBolton-Osborne409,awardee,400
School olympiad in informatics 2022,BrianShah476,winner,500
School olympiad in informatics 2022,ValerieLaw678,winner,364
School olympiad in informatics 2022,AimeeCooper733,awardee,400
School olympiad in informatics 2022,MatthewThompson408,winner,400
School olympiad in informatics 2022,LiamRichards-Jones594,awardee,287
School olympiad in informatics 2022,LynnWalker919,winner,500
School olympiad in informatics 2022,DrYvonneYoung335,awardee,324
School olympiad in informatics 2022,GlennAllen259,awardee,259
School olympiad in informatics 2022,SianBennett-Wood566,winner,500
School olympiad in informatics 2022,BryanSmith794,awardee,472
School olympiad in informatics 2022,KarenGordon902,winner,500
School olympiad in informatics 2022,TobyWalton696,awardee,300
School olympiad in informatics 2022,DrJackMiles154,awardee,364
School olympiad in informatics 2022,MaxYoung475,winner,500
School olympiad in informatics 2022,RussellMitchell726,awardee,300
School olympiad in informatics 2022,DawnScott-Bates516,winner,500
School olympiad in informatics 2022,DorothyKhan531,awardee,468
Municipal olympiad in informatics 2022,KarenGordon902,winner,500
Municipal olympiad in informatics 2022,LiamRichards-Jones594,winner,465
Municipal olympiad in informatics 2022,BryanSmith794,awardee,445
Municipal olympiad in informatics 2022,DawnScott-Bates516,awardee,412
Municipal olympiad in informatics 2022,SianBennett-Wood566,awardee,406
Municipal olympiad in informatics 2022,AlexClark429,participant,384
Municipal olympiad in informatics 2022,DorothyKhan531,participant,383
Municipal olympiad in informatics 2022,AntonyHowell263,participant,372
Municipal olympiad in informatics 2022,RussellMitchell726,participant,340
Municipal olympiad in informatics 2022,DrJackMiles154,participant,335
Municipal olympiad in informatics 2022,MaxYoung475,participant,325
Municipal olympiad in informatics 2022,GlennAllen259,participant,251
Municipal olympiad in informatics 2022,MrsMeganGordon564,winner,500
Municipal olympiad in informatics 2022,JayneWilson539,winner,500
Municipal olympiad in informatics 2022,ElliottEvans407,winner,500
Municipal olympiad in informatics 2022,DonnaWright259,winner,500
Municipal olympiad in informatics 2022,DrPaulSimpson668,winner,480
Municipal olympiad in informatics 2022,MollyBrown627,winner,452
Municipal olympiad in informatics 2022,JayMiles639,winner,440
Municipal olympiad in informatics 2022,MrsMariaWest998,awardee,386
Municipal olympiad in informatics 2022,BrianShah476,awardee,374
Municipal olympiad in informatics 2022,GeoffreyTaylor943,awardee,370
Municipal olympiad in informatics 2022,StaceyHughes519,awardee,366
Municipal olympiad in informatics 2022,AmandaWalker580,awardee,363
Municipal olympiad in informatics 2022,MrMartinMcCarthy111,participant,321
Municipal olympiad in informatics 2022,HenryGardner747,participant,290
Municipal olympiad in informatics 2022,ClareHall388,participant,289
Municipal olympiad in informatics 2022,ValerieLaw678,participant,285
Municipal olympiad in informatics 2022,JosephSimpson953,participant,281
Municipal olympiad in informatics 2022,RobertHarding831,participant,272
Municipal olympiad in informatics 2022,VincentBaker686,participant,258
Municipal olympiad in informatics 2022,LouiseAnderson359,participant,256
Municipal olympiad in informatics 2022,KevinWilkins336,participant,248
Municipal olympiad in informatics 2022,DrGillianWilliams233,participant,220
Municipal olympiad in informatics 2022,MissHelenWilson248,participant,218
Municipal olympiad in informatics 2022,DrDennisDuffy472,participant,182
Municipal olympiad in informatics 2022,StephenBolton-Osborne409,participant,182
Municipal olympiad in informatics 2022,MohammadSingh721,participant,163
Municipal olympiad in informatics 2022,MartynWaters-Hutchinson660,winner,496
Municipal olympiad in informatics 2022,FionaDean961,winner,478
Municipal olympiad in informatics 2022,AnnetteBradley393,winner,460
Municipal olympiad in informatics 2022,DrSophieBaxter100,winner,460
Municipal olympiad in informatics 2022,DrTeresaLawrence386,winner,456
Municipal olympiad in informatics 2022,VanessaHarding677,winner,441
Municipal olympiad in informatics 2022,StevenThomas887,winner,430
Municipal olympiad in informatics 2022,CameronKing829,winner,430
Municipal olympiad in informatics 2022,MelissaWatkins537,winner,428
Municipal olympiad in informatics 2022,JamieReeves329,winner,425
Municipal olympiad in informatics 2022,DrAbigailWatson478,winner,415
Municipal olympiad in informatics 2022,SharonGreen-Wallace870,winner,410
Municipal olympiad in informatics 2022,BarryNorman163,awardee,401
Municipal olympiad in informatics 2022,MrsMaryHartley872,awardee,400
Municipal olympiad in informatics 2022,DrGarethFowler692,awardee,400
Municipal olympiad in informatics 2022,EdwardCook230,awardee,398
Municipal olympiad in informatics 2022,SianLord686,awardee,396
Municipal olympiad in informatics 2022,DrGarryBryan538,awardee,377
Municipal olympiad in informatics 2022,IainGibson488,awardee,376
Municipal olympiad in informatics 2022,MsCarlyGiles209,awardee,373
Municipal olympiad in informatics 2022,MsOliviaReynolds368,awardee,368
Municipal olympiad in informatics 2022,LisaMartin301,awardee,361
Municipal olympiad in informatics 2022,BethanyNicholls188,awardee,336
Municipal olympiad in informatics 2022,MrDanielBaker602,awardee,331
Municipal olympiad in informatics 2022,RaymondRobinson215,participant,326
Municipal olympiad in informatics 2022,ScottFord-Gallagher131,participant,318
Municipal olympiad in informatics 2022,GaryHarrison-Lewis476,participant,304
Municipal olympiad in informatics 2022,JenniferJohnson233,participant,300
Municipal olympiad in informatics 2022,MsBethCole689,participant,300
Municipal olympiad in informatics 2022,CatherineFox860,participant,298
Municipal olympiad in informatics 2022,MaryStephens745,participant,298
Municipal olympiad in informatics 2022,LisaNicholson268,participant,296
Municipal olympiad in informatics 2022,ClaireLewis219,participant,290
Municipal olympiad in informatics 2022,DrEricMarshall373,participant,290
Municipal olympiad in informatics 2022,MsNicolaRichards336,participant,284
Municipal olympiad in informatics 2022,RhysWhite600,participant,281
Municipal olympiad in informatics 2022,DrStephanieArcher660,participant,281
Municipal olympiad in informatics 2022,AliceGibson-Barrett927,participant,280
Municipal olympiad in informatics 2022,MrsOliviaClark927,participant,269
Municipal olympiad in informatics 2022,CarlyDavison568,participant,260
Municipal olympiad in informatics 2022,MargaretHiggins885,participant,257
Municipal olympiad in informatics 2022,CarolineWright293,participant,256
Municipal olympiad in informatics 2022,StuartSmith-Phillips710,participant,248
Municipal olympiad in informatics 2022,DrKieranHarris885,participant,236
Municipal olympiad in informatics 2022,DrRogerDavies643,participant,235
Municipal olympiad in informatics 2022,MarieBrown134,participant,233
Municipal olympiad in informatics 2022,MrsKathleenOliver944,participant,215
Municipal olympiad in informatics 2022,MissCharlotteRyan783,participant,204
Municipal olympiad in informatics 2022,StevenRowley-Douglas741,participant,200
Municipal olympiad in informatics 2022,MrSeanWilkinson388,participant,198
Municipal olympiad in informatics 2022,MissSarahSmith336,participant,192
Municipal olympiad in informatics 2022,MaryWilson131,participant,185
Municipal olympiad in informatics 2022,RobinSmith313,participant,183
Municipal olympiad in informatics 2022,KarlCooper-James365,participant,177
Municipal olympiad in informatics 2022,MsAmeliaWalton645,participant,176
Municipal olympiad in informatics 2022,AngelaWard-Gibson403,participant,163
Municipal olympiad in informatics 2022,MissKimJames348,participant,160
Municipal olympiad in informatics 2022,NathanChadwick554,participant,158
Municipal olympiad in informatics 2022,NormanJohn484,participant,154
Municipal olympiad in informatics 2022,RitaEdwards619,winner,500
Municipal olympiad in informatics 2022,ChristianBriggs-White692,winner,500
Municipal olympiad in informatics 2022,MrBillyHayward418,winner,496
Municipal olympiad in informatics 2022,JodieDuffy973,winner,470
Municipal olympiad in informatics 2022,DrTonyJones510,winner,446
Municipal olympiad in informatics 2022,AlexFarrell508,winner,443
Municipal olympiad in informatics 2022,KarlJames-Roberts799,winner,443
Municipal olympiad in informatics 2022,StephenBennett-Brooks200,awardee,397
Municipal olympiad in informatics 2022,AmandaJackson635,awardee,386
Municipal olympiad in informatics 2022,SaraBarton995,awardee,375
Municipal olympiad in informatics 2022,KellySheppard422,awardee,352
Municipal olympiad in informatics 2022,ArthurWatts978,awardee,348
Municipal olympiad in informatics 2022,BernardHarris809,awardee,306
Municipal olympiad in informatics 2022,PamelaMarshall412,participant,254
Municipal olympiad in informatics 2022,TerenceWhittaker816,winner,458
Municipal olympiad in informatics 2022,LindaWright484,winner,456
Municipal olympiad in informatics 2022,JoelPratt504,winner,456
Municipal olympiad in informatics 2022,JaneBrown662,winner,456
Municipal olympiad in informatics 2022,IanHarrison426,winner,452
Municipal olympiad in informatics 2022,RosemaryGilbert183,winner,450
Municipal olympiad in informatics 2022,AliceTaylor501,winner,443
Municipal olympiad in informatics 2022,MsSaraCook497,winner,440
Municipal olympiad in informatics 2022,AlexandraWilliams319,winner,436
Municipal olympiad in informatics 2022,BethanCollier912,winner,422
Municipal olympiad in informatics 2022,RaymondHolloway-Clark176,winner,392
Municipal olympiad in informatics 2022,JoeMoss474,winner,388
Municipal olympiad in informatics 2022,AdrianO'Brien-Jackson773,winner,381
Municipal olympiad in informatics 2022,JeffreyO'Sullivan-Dale205,awardee,370
Municipal olympiad in informatics 2022,DarrenCollins-Wilson232,awardee,348
Municipal olympiad in informatics 2022,CharlotteWilliams777,awardee,339
Municipal olympiad in informatics 2022,DorothyScott614,awardee,336
Municipal olympiad in informatics 2022,JamesChapman785,awardee,322
Municipal olympiad in informatics 2022,ClareRichardson525,awardee,280
Municipal olympiad in informatics 2022,SheilaWilkinson951,awardee,270
Municipal olympiad in informatics 2022,GordonWyatt578,awardee,254
Municipal olympiad in informatics 2022,AngelaBailey681,participant,226
Municipal olympiad in informatics 2022,CherylParsons738,participant,214
Municipal olympiad in informatics 2022,MsLindaRose448,participant,156
Municipal olympiad in informatics 2022,MissSallyWhitehouse688,participant,132
Municipal olympiad in informatics 2022,ShaunParker509,winner,415
Municipal olympiad in informatics 2022,DrGerardWood308,awardee,331
Municipal olympiad in informatics 2022,DaniellePorter555,winner,496
Municipal olympiad in informatics 2022,AnnaMorris716,winner,456
Municipal olympiad in informatics 2022,StuartIqbal876,awardee,358
Municipal olympiad in informatics 2022,MsAnnCooper710,winner,432
Municipal olympiad in informatics 2022,PhilipTaylor278,winner,454
Municipal olympiad in informatics 2022,DonaldReid808,awardee,344
Municipal olympiad in informatics 2022,DavidJordan806,participant,239
Municipal olympiad in informatics 2022,JaniceMoore587,participant,280
Municipal olympiad in informatics 2022,GarethKhan769,participant,263
Municipal olympiad in informatics 2022,RussellMartin393,awardee,394
Municipal olympiad in informatics 2022,ShannonRussell-Parker893,awardee,330
Municipal olympiad in informatics 2022,DrAlisonO'Connor835,winner,456
Municipal olympiad in informatics 2022,JoshTaylor944,winner,440
Municipal olympiad in informatics 2022,KatieMiles768,winner,438
Municipal olympiad in informatics 2022,MissJaneHarris410,winner,437
Municipal olympiad in informatics 2022,MrFrederickFarrell222,awardee,379
Municipal olympiad in informatics 2022,DeniseCampbell368,awardee,356
Municipal olympiad in informatics 2022,DrNormanRichardson450,awardee,334
Municipal olympiad in informatics 2022,BethPreston828,awardee,319
Municipal olympiad in informatics 2022,CherylDoyle967,awardee,299
Municipal olympiad in informatics 2022,VictoriaKing-Harvey617,awardee,299
Municipal olympiad in informatics 2022,MartinPorter806,awardee,379
Municipal olympiad in informatics 2022,CliveKay507,awardee,356
Municipal olympiad in informatics 2022,MrsBethConway329,awardee,338
Municipal olympiad in informatics 2022,MrAndrewBegum732,awardee,284
Municipal olympiad in informatics 2022,GaryAtkinson-Mills930,participant,188
Regional olimpiad in informatics 2023,DenisWaters706,winner,800
Regional olimpiad in informatics 2023,HannahPreston860,winner,737
Regional olimpiad in informatics 2023,KarenGordon902,awardee,677
Regional olimpiad in informatics 2023,ShirleyTaylor117,awardee,645
Regional olimpiad in informatics 2023,RossSpencer-Carpenter474,awardee,630
Regional olimpiad in informatics 2023,LynnWalker919,participant,472
Regional olimpiad in informatics 2023,SianBennett-Wood566,participant,455
Regional olimpiad in informatics 2023,DawnScott-Bates516,participant,364
Regional olimpiad in informatics 2023,BryanSmith794,participant,360
Regional olimpiad in informatics 2023,LiamRichards-Jones594,participant,344
Regional olimpiad in informatics 2023,RichardYoung470,winner,709
Regional olimpiad in informatics 2023,JayneWilson539,awardee,600
Regional olimpiad in informatics 2023,JennaByrne733,awardee,548
Regional olimpiad in informatics 2023,DonnaWright259,awardee,515
Regional olimpiad in informatics 2023,BrianShah476,awardee,492
Regional olimpiad in informatics 2023,MollyBrown627,awardee,443
Regional olimpiad in informatics 2023,JayMiles639,awardee,442
Regional olimpiad in informatics 2023,DrPaulSimpson668,awardee,417
Regional olimpiad in informatics 2023,MrsMeganGordon564,awardee,391
Regional olimpiad in informatics 2023,MrsMariaWest998,participant,380
Regional olimpiad in informatics 2023,StephanieLewis422,participant,357
Regional olimpiad in informatics 2023,AmandaWalker580,participant,319
Regional olimpiad in informatics 2023,GeoffreyTaylor943,participant,57
Regional olimpiad in informatics 2023,StaceyHughes519,participant,0
Regional olimpiad in informatics 2023,CameronKing829,winner,645
Regional olimpiad in informatics 2023,FionaDean961,winner,641
Regional olimpiad in informatics 2023,JamieReeves329,awardee,455
Regional olimpiad in informatics 2023,MartynWaters-Hutchinson660,awardee,455
Regional olimpiad in informatics 2023,MrGlenWright819,awardee,442
Regional olimpiad in informatics 2023,VanessaHarding677,awardee,436
Regional olimpiad in informatics 2023,DrTeresaLawrence386,awardee,433
Regional olimpiad in informatics 2023,DrGerardWood308,awardee,431
Regional olimpiad in informatics 2023,DrGarethFowler692,awardee,426
Regional olimpiad in informatics 2023,DrAbigailWatson478,awardee,425
Regional olimpiad in informatics 2023,ShaunParker509,awardee,423
Regional olimpiad in informatics 2023,StevenThomas887,awardee,417
Regional olimpiad in informatics 2023,MsCarlyGiles209,awardee,417
Regional olimpiad in informatics 2023,EdwardCook230,awardee,390
Regional olimpiad in informatics 2023,AnnetteBradley393,awardee,381
Regional olimpiad in informatics 2023,MelissaWatkins537,awardee,364
Regional olimpiad in informatics 2023,SharonGreen-Wallace870,participant,330
Regional olimpiad in informatics 2023,RussellMartin393,participant,318
Regional olimpiad in informatics 2023,DrSophieBaxter100,participant,311
Regional olimpiad in informatics 2023,LisaMartin301,participant,302
Regional olimpiad in informatics 2023,IainGibson488,participant,284
Regional olimpiad in informatics 2023,MsOliviaReynolds368,participant,268
Regional olimpiad in informatics 2023,MrsMaryHartley872,participant,252
Regional olimpiad in informatics 2023,SianLord686,participant,177
Regional olimpiad in informatics 2023,DonaldReid808,participant,173
Regional olimpiad in informatics 2023,DrGarryBryan538,participant,105
Moscow olimpiad in informatics 2023,JamesChapman785,2nd diploma,395
Moscow olimpiad in informatics 2023,MrsBethConway329,participant,206
Moscow olimpiad in informatics 2023,MsClareGilbert893,participant,202
Moscow olimpiad in informatics 2023,CliveKay507,participant,156
Moscow olimpiad in informatics 2023,TobyHarvey-West577,participant,75
Moscow olimpiad in informatics 2023,DrGarethFowler692,winner,515
Moscow olimpiad in informatics 2023,ShaunParker509,winner,500
Moscow olimpiad in informatics 2023,IainGibson488,winner,500
Moscow olimpiad in informatics 2023,DrGerardWood308,2nd diploma,471
Moscow olimpiad in informatics 2023,RussellMartin393,2nd diploma,416
Moscow olimpiad in informatics 2023,DrAbigailWatson478,2nd diploma,400
Moscow olimpiad in informatics 2023,DamienCarter188,participant,320
Moscow olimpiad in informatics 2023,TerenceWhittaker816,participant,257
Moscow olimpiad in informatics 2023,CarlyDavison568,participant,251
Moscow olimpiad in informatics 2023,AliceTaylor501,participant,226
Moscow olimpiad in informatics 2023,KennethTaylor-Hargreaves747,participant,192
Moscow olimpiad in informatics 2023,AlexandraWilliams319,participant,185
Moscow olimpiad in informatics 2023,JoyceBegum530,participant,146
Moscow olimpiad in informatics 2023,SheilaWilkinson951,participant,90
Moscow olimpiad in informatics 2023,JeffreyO'Sullivan-Dale205,participant,30
Moscow olimpiad in informatics 2023,DrTeresaLawrence386,3rd diploma,493
Moscow olimpiad in informatics 2023,StevenThomas887,3rd diploma,473
Moscow olimpiad in informatics 2023,DrSophieBaxter100,3rd diploma,468
Moscow olimpiad in informatics 2023,DaniellePorter555,participant,362
Moscow olimpiad in informatics 2023,RaymondRobinson215,participant,361
Moscow olimpiad in informatics 2023,SianLord686,participant,345
Moscow olimpiad in informatics 2023,AliceGibson-Barrett927,participant,275
Moscow olimpiad in informatics 2023,MsAmeliaWalton645,participant,203
Moscow olimpiad in informatics 2023,FionaDean961,winner,523
Moscow olimpiad in informatics 2023,CameronKing829,2nd diploma,438
Moscow olimpiad in informatics 2023,MartynWaters-Hutchinson660,3rd diploma,428
Moscow olimpiad in informatics 2023,MsOliviaReynolds368,3rd diploma,423
Moscow olimpiad in informatics 2023,VanessaHarding677,3rd diploma,416
Moscow olimpiad in informatics 2023,MrGlenWright819,3rd diploma,396
Moscow olimpiad in informatics 2023,EdwardCook230,3rd diploma,396
Moscow olimpiad in informatics 2023,ScottFord-Gallagher131,participant,316
Moscow olimpiad in informatics 2023,DavidJordan806,participant,311
Moscow olimpiad in informatics 2023,SharonGreen-Wallace870,participant,306
Moscow olimpiad in informatics 2023,AngelaWard-Gibson403,participant,139
Moscow olimpiad in informatics 2023,DrRoyPearson627,participant,119
ROI 2023,DenisWaters706,winner,539
ROI 2023,HannahPreston860,winner,653
ROI 2023,KarenGordon902,participant,414
ROI 2023,ShirleyTaylor117,awardee,497
ROI 2023,RossSpencer-Carpenter474,awardee,511
ROI 2023,RichardYoung470,participant,410
ROI 2023,JayneWilson539,participant,375
ROI 2023,JennaByrne733,awardee,482
ROI 2023,DonnaWright259,awardee,425
ROI 2023,CameronKing829,participant,403
ROI 2023,FionaDean961,participant,401
Open coding olympiad 2023,HannahPreston860,1st diploma,629
Open coding olympiad 2023,KarenGordon902,1st diploma,565
Open coding olympiad 2023,RichardYoung470,2nd diploma,488
Open coding olympiad 2023,JennaByrne733,3rd diploma,435
Open coding olympiad 2023,JayneWilson539,3rd diploma,431